S.N.,Province,District,Year,Area,Production,Yield,,,,,,,,,,,,
1,1,TAPLEJUNG,1975/76,2000,4650,2325,,,,,,,,,,,,
2,1,TAPLEJUNG,1976/77,2000,4650,2325,,,,,,,,,,,,
3,1,TAPLEJUNG,1977/78,2000,4270,2135,,,,,,,,,,,,
4,1,TAPLEJUNG,1978/79,1980,4730,2389,,,,,,,,,,,,
5,1,TAPLEJUNG,1979/80,1880,3320,1766,,,,,,,,,,,,
6,1,TAPLEJUNG,1980/81,1900,3400,1789,,,,,,,,,,,,
7,1,TAPLEJUNG,1981/82,1900,3570,1879,,,,,,,,,,,,
8,1,TAPLEJUNG,1982/83,1600,3010,1881,,,,,,,,,,,,
9,1,TAPLEJUNG,1983/84,1600,3070,1919,,,,,,,,,,,,
10,1,TAPLEJUNG,1984/85,1740,3190,1833,,,,,,,,,,,,
11,1,TAPLEJUNG,1985/86,2000,3800,1900,,,,,,,,,,,,
12,1,TAPLEJUNG,1986/87,2260,3610,1597,,,,,,,,,,,,
13,1,TAPLEJUNG,1987/88,2300,3780,1643,,,,,,,,,,,,
14,1,TAPLEJUNG,1988/89,2350,4280,1821,,,,,,,,,,,,
,,,,,,,,,,,,,,,,,,
1,1,SANKHUWASHAVA,1975/76,6920,15930,2302,,,,,,,,,,,,
2,1,SANKHUWASHAVA,1976/77,7958,18319,2302,,,,,,,,,,,,
3,1,SANKHUWASHAVA,1977/78,8750,20150,2303,,,,,,,,,,,,
4,1,SANKHUWASHAVA,1978/79,8800,20260,2302,,,,,,,,,,,,
5,1,SANKHUWASHAVA,1979/80,8800,20260,2302,,,,,,,,,,,,
6,1,SANKHUWASHAVA,1980/81,8400,18480,2200,,,,,,,,,,,,
7,1,SANKHUWASHAVA,1981/82,8400,18480,2200,,,,,,,,,,,,
8,1,SANKHUWASHAVA,1982/83,8130,14310,1760,,,,,,,,,,,,
9,1,SANKHUWASHAVA,1983/84,8230,15870,1928,,,,,,,,,,,,
10,1,SANKHUWASHAVA,1984/85,11130,21270,1911,,,,,,,,,,,,
11,1,SANKHUWASHAVA,1985/86,11120,22240,2000,,,,,,,,,,,,
12,1,SANKHUWASHAVA,1986/87,11100,20500,1847,,,,,,,,,,,,
13,1,SANKHUWASHAVA,1987/88,11630,23530,2023,,,,,,,,,,,,
14,1,SANKHUWASHAVA,1988/89,13440,29110,2166,,,,,,,,,,,,
,,,,,,,,,,,,,,,,,,
1,1,SOLUKHUMBU,1975/76,240,430,1792,,,,,,,,,,,,
2,1,SOLUKHUMBU,1976/77,340,432,1271,,,,,,,,,,,,
3,1,SOLUKHUMBU,1977/78,280,400,1429,,,,,,,,,,,,
4,1,SOLUKHUMBU,1978/79,340,440,1294,,,,,,,,,,,,
5,1,SOLUKHUMBU,1979/80,340,440,1294,,,,,,,,,,,,
6,1,SOLUKHUMBU,1980/81,380,500,1316,,,,,,,,,,,,
7,1,SOLUKHUMBU,1981/82,360,950,2639,,,,,,,,,,,,
8,1,SOLUKHUMBU,1982/83,420,1050,2500,,,,,,,,,,,,
9,1,SOLUKHUMBU,1983/84,420,960,2286,,,,,,,,,,,,
10,1,SOLUKHUMBU,1984/85,280,600,2143,,,,,,,,,,,,
11,1,SOLUKHUMBU,1985/86,420,580,1381,,,,,,,,,,,,
12,1,SOLUKHUMBU,1986/87,430,590,1372,,,,,,,,,,,,
13,1,SOLUKHUMBU,1987/88,570,830,1456,,,,,,,,,,,,
14,1,SOLUKHUMBU,1988/89,720,1080,1500,,,,,,,,,,,,
,,,,,,,,,,,,,,,,,,
1,1,PANCHTHAR,1975/76,3070,7170,2336,,,,,,,,,,,,
2,1,PANCHTHAR,1976/77,3075,7170,2332,,,,,,,,,,,,
3,1,PANCHTHAR,1977/78,3070,7170,2336,,,,,,,,,,,,
4,1,PANCHTHAR,1978/79,3990,7180,1799,,,,,,,,,,,,
5,1,PANCHTHAR,1979/80,3990,7180,1799,,,,,,,,,,,,
6,1,PANCHTHAR,1980/81,3550,7000,1972,,,,,,,,,,,,
7,1,PANCHTHAR,1981/82,3550,5680,1600,,,,,,,,,,,,
8,1,PANCHTHAR,1982/83,2050,3810,1859,,,,,,,,,,,,
9,1,PANCHTHAR,1983/84,8970,14350,1600,,,,,,,,,,,,
10,1,PANCHTHAR,1984/85,10170,17440,1715,,,,,,,,,,,,
11,1,PANCHTHAR,1985/86,10220,18390,1799,,,,,,,,,,,,
12,1,PANCHTHAR,1986/87,10320,17600,1705,,,,,,,,,,,,
13,1,PANCHTHAR,1987/88,11700,20360,1740,,,,,,,,,,,,
14,1,PANCHTHAR,1988/89,11710,20730,1770,,,,,,,,,,,,
,,,,,,,,,,,,,,,,,,
1,1,ILLAM,1975/76,8920,23920,2682,,,,,,,,,,,,
2,1,ILLAM,1976/77,8920,23920,2682,,,,,,,,,,,,
3,1,ILLAM,1977/78,7140,19130,2679,,,,,,,,,,,,
4,1,ILLAM,1978/79,7500,20780,2771,,,,,,,,,,,,
5,1,ILLAM,1979/80,7500,18700,2493,,,,,,,,,,,,
6,1,ILLAM,1980/81,11470,27530,2400,,,,,,,,,,,,
7,1,ILLAM,1981/82,13170,30290,2300,,,,,,,,,,,,
8,1,ILLAM,1982/83,9900,15840,1600,,,,,,,,,,,,
9,1,ILLAM,1983/84,10120,20040,1980,,,,,,,,,,,,
10,1,ILLAM,1984/85,12440,27270,2192,,,,,,,,,,,,
11,1,ILLAM,1985/86,12450,24950,2004,,,,,,,,,,,,
12,1,ILLAM,1986/87,12400,21340,1721,,,,,,,,,,,,
13,1,ILLAM,1987/88,10670,18440,1728,,,,,,,,,,,,
14,1,ILLAM,1988/89,10700,21420,2002,,,,,,,,,,,,
,,,,,,,,,,,,,,,,,,
1,1,TERHATHUM,1975/76,3750,8390,2237,,,,,,,,,,,,
2,1,TERHATHUM,1976/77,3750,8390,2237,,,,,,,,,,,,
3,1,TERHATHUM,1977/78,3750,7550,2013,,,,,,,,,,,,
4,1,TERHATHUM,1978/79,3750,7320,1952,,,,,,,,,,,,
5,1,TERHATHUM,1979/80,3750,6960,1856,,,,,,,,,,,,
6,1,TERHATHUM,1980/81,4000,8000,2000,,,,,,,,,,,,
7,1,TERHATHUM,1981/82,10760,17750,1650,,,,,,,,,,,,
8,1,TERHATHUM,1982/83,9010,14860,1649,,,,,,,,,,,,
9,1,TERHATHUM,1983/84,10780,16160,1499,,,,,,,,,,,,
10,1,TERHATHUM,1984/85,10550,16470,1561,,,,,,,,,,,,
11,1,TERHATHUM,1985/86,10860,16290,1500,,,,,,,,,,,,
12,1,TERHATHUM,1986/87,10550,14260,1352,,,,,,,,,,,,
13,1,TERHATHUM,1987/88,10590,15940,1505,,,,,,,,,,,,
14,1,TERHATHUM,1988/89,10460,20930,2001,,,,,,,,,,,,
,,,,,,,,,,,,,,,,,,
1,1,DHANKUTA,1975/76,5050,12970,2568,,,,,,,,,,,,
2,1,DHANKUTA,1976/77,5050,12970,2568,,,,,,,,,,,,
3,1,DHANKUTA,1977/78,6830,10200,1493,,,,,,,,,,,,
4,1,DHANKUTA,1978/79,7660,15320,2000,,,,,,,,,,,,
5,1,DHANKUTA,1979/80,7660,16080,2099,,,,,,,,,,,,
6,1,DHANKUTA,1980/81,9220,18440,2000,,,,,,,,,,,,
7,1,DHANKUTA,1981/82,7750,19370,2499,,,,,,,,,,,,
8,1,DHANKUTA,1982/83,8060,13860,1720,,,,,,,,,,,,
9,1,DHANKUTA,1983/84,9070,20140,2221,,,,,,,,,,,,
10,1,DHANKUTA,1984/85,10050,20100,2000,,,,,,,,,,,,
11,1,DHANKUTA,1985/86,9400,18800,2000,,,,,,,,,,,,
12,1,DHANKUTA,1986/87,9300,18000,1935,,,,,,,,,,,,
13,1,DHANKUTA,1987/88,8900,17590,1976,,,,,,,,,,,,
14,1,DHANKUTA,1988/89,9800,20600,2102,,,,,,,,,,,,
,,,,,,,,,,,,,,,,,,
1,1,BHOJPUR,1975/76,6120,13960,2281,,,,,,,,,,,,
2,1,BHOJPUR,1976/77,6120,14660,2395,,,,,,,,,,,,
3,1,BHOJPUR,1977/78,6120,11750,1920,,,,,,,,,,,,
4,1,BHOJPUR,1978/79,6120,12240,2000,,,,,,,,,,,,
5,1,BHOJPUR,1979/80,5820,10400,1787,,,,,,,,,,,,
6,1,BHOJPUR,1980/81,6100,12250,2008,,,,,,,,,,,,
7,1,BHOJPUR,1981/82,6100,14640,2406,,,,,,,,,,,,
8,1,BHOJPUR,1982/83,5810,8950,1540,,,,,,,,,,,,
9,1,BHOJPUR,1983/84,5810,10460,1800,,,,,,,,,,,,
10,1,BHOJPUR,1984/85,10540,18990,1802,,,,,,,,,,,,
11,1,BHOJPUR,1985/86,10600,15900,1500,,,,,,,,,,,,
12,1,BHOJPUR,1986/87,10550,13780,1306,,,,,,,,,,,,
13,1,BHOJPUR,1987/88,13380,18900,1413,,,,,,,,,,,,
14,1,BHOJPUR,1988/89,13770,25040,1818,,,,,,,,,,,,
,,,,,,,,,,,,,,,,,,
1,1,KHOTANG,1975/76,1600,2560,1600,,,,,,,,,,,,
2,1,KHOTANG,1976/77,1600,2560,1600,,,,,,,,,,,,
3,1,KHOTANG,1977/78,1440,2300,1597,,,,,,,,,,,,
4,1,KHOTANG,1978/79,1500,2420,1613,,,,,,,,,,,,
5,1,KHOTANG,1979/80,1500,2420,1613,,,,,,,,,,,,
6,1,KHOTANG,1980/81,1540,2500,1623,,,,,,,,,,,,
7,1,KHOTANG,1981/82,1540,2380,1545,,,,,,,,,,,,
8,1,KHOTANG,1982/83,1220,1240,1016,,,,,,,,,,,,
9,1,KHOTANG,1983/84,1220,1840,1508,,,,,,,,,,,,
10,1,KHOTANG,1984/85,1770,2670,1508,,,,,,,,,,,,
11,1,KHOTANG,1985/86,2500,3750,1500,,,,,,,,,,,,
12,1,KHOTANG,1986/87,2480,3670,1480,,,,,,,,,,,,
13,1,KHOTANG,1987/88,13730,19590,1427,,,,,,,,,,,,
14,1,KHOTANG,1988/89,14000,23720,1694,,,,,,,,,,,,
,,,,,,,,,,,,,,,,,,
1,1,OKHALDHUNGA,1975/76,2500,5650,2260,,,,,,,,,,,,
2,1,OKHALDHUNGA,1976/77,2500,5650,2260,,,,,,,,,,,,
3,1,OKHALDHUNGA,1977/78,2500,3950,1580,,,,,,,,,,,,
4,1,OKHALDHUNGA,1978/79,2800,5970,2132,,,,,,,,,,,,
5,1,OKHALDHUNGA,1979/80,2660,4200,1579,,,,,,,,,,,,
6,1,OKHALDHUNGA,1980/81,2420,4600,1901,,,,,,,,,,,,
7,1,OKHALDHUNGA,1981/82,2430,4250,1749,,,,,,,,,,,,
8,1,OKHALDHUNGA,1982/83,2450,3250,1327,,,,,,,,,,,,
9,1,OKHALDHUNGA,1983/84,2450,4000,1633,,,,,,,,,,,,
10,1,OKHALDHUNGA,1984/85,3030,4860,1604,,,,,,,,,,,,
11,1,OKHALDHUNGA,1985/86,2900,4730,1631,,,,,,,,,,,,
12,1,OKHALDHUNGA,1986/87,2950,4450,1508,,,,,,,,,,,,
13,1,OKHALDHUNGA,1987/88,5470,9370,1713,,,,,,,,,,,,
14,1,OKHALDHUNGA,1988/89,5480,9430,1721,,,,,,,,,,,,
,,,,,,,,,,,,,,,,,,
1,1,UDAYAPUR,1975/76,12700,27210,2143,,,,,,,,,,,,
2,1,UDAYAPUR,1976/77,12959,27732,2140,,,,,,,,,,,,
3,1,UDAYAPUR,1977/78,12960,27730,2140,,,,,,,,,,,,
4,1,UDAYAPUR,1978/79,12960,25920,2000,,,,,,,,,,,,
5,1,UDAYAPUR,1979/80,12980,25920,1997,,,,,,,,,,,,
6,1,UDAYAPUR,1980/81,12600,26160,2076,,,,,,,,,,,,
7,1,UDAYAPUR,1981/82,11940,23040,1930,,,,,,,,,,,,
8,1,UDAYAPUR,1982/83,10300,16390,1591,,,,,,,,,,,,
9,1,UDAYAPUR,1983/84,11910,24420,2050,,,,,,,,,,,,
10,1,UDAYAPUR,1984/85,11700,19950,1705,,,,,,,,,,,,
11,1,UDAYAPUR,1985/86,11600,18800,1621,,,,,,,,,,,,
12,1,UDAYAPUR,1986/87,11120,17850,1605,,,,,,,,,,,,
13,1,UDAYAPUR,1987/88,10930,19070,1745,,,,,,,,,,,,
14,1,UDAYAPUR,1988/89,11230,21710,1933,,,,,,,,,,,,
,,,,,,,,,,,,,,,,,,
1,1,JHAPA,1975/76,88550,187430,2117,,,,,,,,,,,,
2,1,JHAPA,1976/77,88500,175230,1980,,,,,,,,,,,,
3,1,JHAPA,1977/78,86640,161710,1866,,,,,,,,,,,,
4,1,JHAPA,1978/79,84430,143530,1700,,,,,,,,,,,,
5,1,JHAPA,1979/80,87070,148020,1700,,,,,,,,,,,,
6,1,JHAPA,1880/81,87000,152250,1750,,,,,,,,,,,,
7,1,JHAPA,1981/82,91380,137070,1500,,,,,,,,,,,,
8,1,JHAPA,1982/83,84350,126570,1501,,,,,,,,,,,,
9,1,JHAPA,1983/84,90860,160820,1770,,,,,,,,,,,,
10,1,JHAPA,1984/85,92990,143380,1542,,,,,,,,,,,,
11,1,JHAPA,1985/86,86500,153100,1770,,,,,,,,,,,,
12,1,JHAPA,1986/87,85930,147380,1715,,,,,,,,,,,,
13,1,JHAPA,1987/88,85240,167800,1969,,,,,,,,,,,,
14,1,JHAPA,1988/89,86890,216770,2495,,,,,,,,,,,,
,,,,,,,,,,,,,,,,,,
1,1,MORANG,1975/76,90000,171900,1910,,,,,,,,,,,,
2,1,MORANG,1976/77,83453,142704,1710,,,,,,,,,,,,
3,1,MORANG,1977/78,87600,158870,1814,,,,,,,,,,,,
4,1,MORANG,1978/79,78430,129410,1650,,,,,,,,,,,,
5,1,MORANG,1979/80,78430,139760,1782,,,,,,,,,,,,
6,1,MORANG,1880/81,78400,141100,1800,,,,,,,,,,,,
7,1,MORANG,1981/82,80470,152890,1900,,,,,,,,,,,,
8,1,MORANG,1982/83,74570,119180,1598,,,,,,,,,,,,
9,1,MORANG,1983/84,81670,156100,1911,,,,,,,,,,,,
10,1,MORANG,1984/85,80000,149980,1875,,,,,,,,,,,,
11,1,MORANG,1985/86,74830,154150,2060,,,,,,,,,,,,
12,1,MORANG,1986/87,73430,139620,1901,,,,,,,,,,,,
13,1,MORANG,1987/88,80070,169440,2116,,,,,,,,,,,,
14,1,MORANG,1988/89,80400,191600,2383,,,,,,,,,,,,
,,,,,,,,,,,,,,,,,,
1,1,SUNSARI,1975/76,48820,98130,2010,,,,,,,,,,,,
2,1,SUNSARI,1976/77,46281,80991,1750,,,,,,,,,,,,
3,1,SUNSARI,1977/78,46330,93130,2010,,,,,,,,,,,,
4,1,SUNSARI,1978/79,50350,83080,1650,,,,,,,,,,,,
5,1,SUNSARI,1979/80,50350,91390,1815,,,,,,,,,,,,
6,1,SUNSARI,1880/81,50340,91500,1818,,,,,,,,,,,,
7,1,SUNSARI,1981/82,46680,107360,2300,,,,,,,,,,,,
8,1,SUNSARI,1982/83,42670,76820,1800,,,,,,,,,,,,
9,1,SUNSARI,1983/84,45490,105490,2319,,,,,,,,,,,,
10,1,SUNSARI,1984/85,50230,109850,2187,,,,,,,,,,,,
11,1,SUNSARI,1985/86,48700,112980,2320,,,,,,,,,,,,
12,1,SUNSARI,1986/87,45200,95110,2104,,,,,,,,,,,,
13,1,SUNSARI,1987/88,54360,113850,2094,,,,,,,,,,,,
14,1,SUNSARI,1988/89,56380,130540,2315,,,,,,,,,,,,
,,,,,,,,,,,,,,,,,,
1,2,SAPTARI,1975/76,70200,136890,1950,,,,,,,,,,,,
2,2,SAPTARI,1976/77,70200,118030,1682,,,,,,,,,,,,
3,2,SAPTARI,1977/78,73460,114900,1564,,,,,,,,,,,,
4,2,SAPTARI,1978/79,72850,131130,1800,,,,,,,,,,,,
5,2,SAPTARI,1979/80,72850,144240,1980,,,,,,,,,,,,
6,2,SAPTARI,1880/81,73460,145450,1980,,,,,,,,,,,,
7,2,SAPTARI,1981/82,74340,104080,1400,,,,,,,,,,,,
8,2,SAPTARI,1982/83,69310,76900,1110,,,,,,,,,,,,
9,2,SAPTARI,1983/84,72810,127720,1754,,,,,,,,,,,,
10,2,SAPTARI,1984/85,72030,115940,1610,,,,,,,,,,,,
11,2,SAPTARI,1985/86,73540,125020,1700,,,,,,,,,,,,
12,2,SAPTARI,1986/87,65580,86130,1313,,,,,,,,,,,,
13,2,SAPTARI,1987/88,68920,134120,1949,,,,,,,,,,,,
14,2,SAPTARI,1988/89,68100,116370,1709,,,,,,,,,,,,
,,,,,,,,,,,,,,,,,,
1,2,SIRAHA,1975/76,66420,128850,1940,,,,,,,,,,,,
2,2,SIRAHA,1976/77,70110,119187,1700,,,,,,,,,,,,
3,2,SIRAHA,1977/78,66470,101700,1530,,,,,,,,,,,,
4,2,SIRAHA,1978/79,68280,116080,1700,,,,,,,,,,,,
5,2,SIRAHA,1979/80,66930,133490,1994,,,,,,,,,,,,
6,2,SIRAHA,1880/81,67460,134250,1990,,,,,,,,,,,,
7,2,SIRAHA,1981/82,67200,112220,1670,,,,,,,,,,,,
8,2,SIRAHA,1982/83,58590,54300,927,,,,,,,,,,,,
9,2,SIRAHA,1983/84,67200,114440,1703,,,,,,,,,,,,
10,2,SIRAHA,1984/85,65310,102970,1577,,,,,,,,,,,,
11,2,SIRAHA,1985/86,68570,113280,1652,,,,,,,,,,,,
12,2,SIRAHA,1986/87,59930,71960,1201,,,,,,,,,,,,
13,2,SIRAHA,1987/88,64590,128840,1995,,,,,,,,,,,,
14,2,SIRAHA,1988/89,64330,118300,1839,,,,,,,,,,,,
,,,,,,,,,,,,,,,,,,
1,2,DHANUSHA,1975/76,58000,110200,1900,,,,,,,,,,,,
2,2,DHANUSHA,1976/77,61110,86774,1420,,,,,,,,,,,,
3,2,DHANUSHA,1977/78,55220,92690,1679,,,,,,,,,,,,
4,2,DHANUSHA,1978/79,53720,96370,1794,,,,,,,,,,,,
5,2,DHANUSHA,1979/80,54840,100930,1840,,,,,,,,,,,,
6,2,DHANUSHA,1880/81,54800,104200,1901,,,,,,,,,,,,
7,2,DHANUSHA,1981/82,57680,98060,1700,,,,,,,,,,,,
8,2,DHANUSHA,1982/83,44990,32810,729,,,,,,,,,,,,
9,2,DHANUSHA,1983/84,58180,126310,2171,,,,,,,,,,,,
10,2,DHANUSHA,1984/85,57000,106490,1868,,,,,,,,,,,,
11,2,DHANUSHA,1985/86,52830,105660,2000,,,,,,,,,,,,
12,2,DHANUSHA,1986/87,49120,64460,1312,,,,,,,,,,,,
13,2,DHANUSHA,1987/88,54200,109050,2012,,,,,,,,,,,,
14,2,DHANUSHA,1988/89,54170,119769,2211,,,,,,,,,,,,
,,,,,,,,,,,,,,,,,,
1,2,MAHOTTARI,1975/76,60230,110820,1840,,,,,,,,,,,,
2,2,MAHOTTARI,1976/77,65825,92155,1400,,,,,,,,,,,,
3,2,MAHOTTARI,1977/78,68600,96040,1400,,,,,,,,,,,,
4,2,MAHOTTARI,1978/79,68600,116620,1700,,,,,,,,,,,,
5,2,MAHOTTARI,1979/80,68260,113120,1657,,,,,,,,,,,,
6,2,MAHOTTARI,1880/81,68500,122850,1793,,,,,,,,,,,,
7,2,MAHOTTARI,1981/82,63010,126020,2000,,,,,,,,,,,,
8,2,MAHOTTARI,1982/83,38290,21520,562,,,,,,,,,,,,
9,2,MAHOTTARI,1983/84,51430,101070,1965,,,,,,,,,,,,
10,2,MAHOTTARI,1984/85,52530,90120,1716,,,,,,,,,,,,
11,2,MAHOTTARI,1985/86,47930,95860,2000,,,,,,,,,,,,
12,2,MAHOTTARI,1986/87,43620,69160,1586,,,,,,,,,,,,
13,2,MAHOTTARI,1987/88,46650,96030,2059,,,,,,,,,,,,
14,2,MAHOTTARI,1988/89,50330,111350,2212,,,,,,,,,,,,
,,,,,,,,,,,,,,,,,,
1,2,SARLAHI,1975/76,39230,71390,1820,,,,,,,,,,,,
2,2,SARLAHI,1976/77,36320,59201,1630,,,,,,,,,,,,
3,2,SARLAHI,1977/78,35450,54900,1549,,,,,,,,,,,,
4,2,SARLAHI,1978/79,35450,60270,1700,,,,,,,,,,,,
5,2,SARLAHI,1979/80,34670,54840,1582,,,,,,,,,,,,
6,2,SARLAHI,1880/81,33680,63650,1890,,,,,,,,,,,,
7,2,SARLAHI,1981/82,38870,73850,1900,,,,,,,,,,,,
8,2,SARLAHI,1982/83,44000,29580,672,,,,,,,,,,,,
9,2,SARLAHI,1983/84,46740,91940,1967,,,,,,,,,,,,
10,2,SARLAHI,1984/85,52630,103330,1963,,,,,,,,,,,,
11,2,SARLAHI,1985/86,52900,105800,2000,,,,,,,,,,,,
12,2,SARLAHI,1986/87,50170,78300,1561,,,,,,,,,,,,
13,2,SARLAHI,1987/88,52580,107410,2043,,,,,,,,,,,,
14,2,SARLAHI,1988/89,53070,123150,2321,,,,,,,,,,,,
,,,,,,,,,,,,,,,,,,
1,2,RAUTAHAT,1975/76,65190,109550,1680,,,,,,,,,,,,
2,2,RAUTAHAT,1976/77,63642,98008,1540,,,,,,,,,,,,
3,2,RAUTAHAT,1977/78,65700,90990,1385,,,,,,,,,,,,
4,2,RAUTAHAT,1978/79,69430,104140,1500,,,,,,,,,,,,
5,2,RAUTAHAT,1979/80,69430,108270,1559,,,,,,,,,,,,
6,2,RAUTAHAT,1880/81,66880,119050,1780,,,,,,,,,,,,
7,2,RAUTAHAT,1981/82,60570,109030,1800,,,,,,,,,,,,
8,2,RAUTAHAT,1982/83,58660,55440,945,,,,,,,,,,,,
9,2,RAUTAHAT,1983/84,58810,97570,1659,,,,,,,,,,,,
10,2,RAUTAHAT,1984/85,56050,98760,1762,,,,,,,,,,,,
11,2,RAUTAHAT,1985/86,59620,101350,1700,,,,,,,,,,,,
12,2,RAUTAHAT,1986/87,58350,78550,1346,,,,,,,,,,,,
13,2,RAUTAHAT,1987/88,56000,103910,1856,,,,,,,,,,,,
14,2,RAUTAHAT,1988/89,54990,110190,2004,,,,,,,,,,,,
,,,,,,,,,,,,,,,,,,
1,2,BARA,1975/76,53620,115820,2160,,,,,,,,,,,,
2,2,BARA,1976/77,52130,106866,2050,,,,,,,,,,,,
3,2,BARA,1977/78,49530,91380,1845,,,,,,,,,,,,
4,2,BARA,1978/79,52530,96910,1845,,,,,,,,,,,,
5,2,BARA,1979/80,52410,106440,2031,,,,,,,,,,,,
6,2,BARA,1880/81,52500,108900,2074,,,,,,,,,,,,
7,2,BARA,1981/82,52200,140940,2700,,,,,,,,,,,,
8,2,BARA,1982/83,49270,61950,1257,,,,,,,,,,,,
9,2,BARA,1983/84,52200,162250,3108,,,,,,,,,,,,
10,2,BARA,1984/85,56910,157500,2768,,,,,,,,,,,,
11,2,BARA,1985/86,56740,164550,2900,,,,,,,,,,,,
12,2,BARA,1986/87,56990,153140,2687,,,,,,,,,,,,
13,2,BARA,1987/88,56980,179770,3155,,,,,,,,,,,,
14,2,BARA,1988/89,61180,188910,3088,,,,,,,,,,,,
,,,,,,,,,,,,,,,,,,
1,2,PARSA,1975/76,40340,87540,2170,,,,,,,,,,,,
2,2,PARSA,1976/77,40340,83160,2061,,,,,,,,,,,,
3,2,PARSA,1977/78,39140,72510,1855,,,,,,,,,,,,
4,2,PARSA,1978/79,39170,72660,1855,,,,,,,,,,,,
5,2,PARSA,1979/80,39030,78270,2005,,,,,,,,,,,,
6,2,PARSA,1880/81,40290,84610,2100,,,,,,,,,,,,
7,2,PARSA,1981/82,44000,132000,3000,,,,,,,,,,,,
8,2,PARSA,1982/83,51770,90520,1749,,,,,,,,,,,,
9,2,PARSA,1983/84,48770,152580,3129,,,,,,,,,,,,
10,2,PARSA,1984/85,45350,147690,3257,,,,,,,,,,,,
11,2,PARSA,1985/86,45900,142290,3100,,,,,,,,,,,,
12,2,PARSA,1986/87,45270,132400,2925,,,,,,,,,,,,
13,2,PARSA,1987/88,46320,136780,2953,,,,,,,,,,,,
14,2,PARSA,1988/89,45960,135020,2938,,,,,,,,,,,,
,,,,,,,,,,,,,,,,,,
1,3,DOLAKHA,1975/76,1950,3960,2031,,,,,,,,,,,,
2,3,DOLAKHA,1976/77,1950,4365,2238,,,,,,,,,,,,
3,3,DOLAKHA,1977/78,2240,4320,1929,,,,,,,,,,,,
4,3,DOLAKHA,1978/79,1750,3500,2000,,,,,,,,,,,,
5,3,DOLAKHA,1979/80,1750,3500,2000,,,,,,,,,,,,
6,3,DOLAKHA,1880/81,1730,3290,1902,,,,,,,,,,,,
7,3,DOLAKHA,1981/82,2020,3840,1901,,,,,,,,,,,,
8,3,DOLAKHA,1982/83,2030,4470,2202,,,,,,,,,,,,
9,3,DOLAKHA,1983/84,2030,3510,1729,,,,,,,,,,,,
10,3,DOLAKHA,1984/85,2490,4250,1707,,,,,,,,,,,,
11,3,DOLAKHA,1985/86,2370,4030,1700,,,,,,,,,,,,
12,3,DOLAKHA,1986/87,2360,3800,1610,,,,,,,,,,,,
13,3,DOLAKHA,1987/88,2390,4520,1891,,,,,,,,,,,,
14,3,DOLAKHA,1988/89,2400,4590,1912,,,,,,,,,,,,
,,,,,,,,,,,,,,,,,,
1,3,SINDHUPALCHOK,1975/76,3900,8240,2113,,,,,,,,,,,,
2,3,SINDHUPALCHOK,1976/77,3900,8970,2300,,,,,,,,,,,,
3,3,SINDHUPALCHOK,1977/78,3900,6730,1726,,,,,,,,,,,,
4,3,SINDHUPALCHOK,1978/79,4170,8350,2002,,,,,,,,,,,,
5,3,SINDHUPALCHOK,1979/80,4170,7170,1719,,,,,,,,,,,,
6,3,SINDHUPALCHOK,1880/81,3900,7100,1821,,,,,,,,,,,,
7,3,SINDHUPALCHOK,1981/82,3900,7100,1821,,,,,,,,,,,,
8,3,SINDHUPALCHOK,1982/83,4250,7720,1816,,,,,,,,,,,,
9,3,SINDHUPALCHOK,1983/84,4400,7630,1734,,,,,,,,,,,,
10,3,SINDHUPALCHOK,1984/85,4400,7600,1727,,,,,,,,,,,,
11,3,SINDHUPALCHOK,1985/86,4300,6960,1619,,,,,,,,,,,,
12,3,SINDHUPALCHOK,1986/87,4350,7100,1632,,,,,,,,,,,,
13,3,SINDHUPALCHOK,1987/88,5100,10010,1963,,,,,,,,,,,,
14,3,SINDHUPALCHOK,1988/89,5170,10610,2052,,,,,,,,,,,,
,,,,,,,,,,,,,,,,,,
1,3,RASUWA,1975/76,200,390,1950,,,,,,,,,,,,
2,3,RASUWA,1976/77,220,429,1950,,,,,,,,,,,,
3,3,RASUWA,1977/78,200,400,2000,,,,,,,,,,,,
4,3,RASUWA,1978/79,130,190,1462,,,,,,,,,,,,
5,3,RASUWA,1979/80,130,190,1462,,,,,,,,,,,,
6,3,RASUWA,1880/81,240,390,1625,,,,,,,,,,,,
7,3,RASUWA,1981/82,160,320,2000,,,,,,,,,,,,
8,3,RASUWA,1982/83,150,300,2000,,,,,,,,,,,,
9,3,RASUWA,1983/84,150,270,1800,,,,,,,,,,,,
10,3,RASUWA,1984/85,830,1500,1807,,,,,,,,,,,,
11,3,RASUWA,1985/86,850,2000,2353,,,,,,,,,,,,
12,3,RASUWA,1986/87,1060,2290,2160,,,,,,,,,,,,
13,3,RASUWA,1987/88,1050,2110,2010,,,,,,,,,,,,
14,3,RASUWA,1988/89,1140,2180,1912,,,,,,,,,,,,
,,,,,,,,,,,,,,,,,,
1,3,RAMECHAP,1975/76,4200,9800,2333,,,,,,,,,,,,
2,3,RAMECHAP,1976/77,4200,9800,2333,,,,,,,,,,,,
3,3,RAMECHAP,1977/78,4200,8730,2079,,,,,,,,,,,,
4,3,RAMECHAP,1978/79,4150,8630,2080,,,,,,,,,,,,
5,3,RAMECHAP,1979/80,4150,7780,1875,,,,,,,,,,,,
6,3,RAMECHAP,1880/81,4500,9000,2000,,,,,,,,,,,,
7,3,RAMECHAP,1981/82,4470,7550,1689,,,,,,,,,,,,
8,3,RAMECHAP,1982/83,4070,6230,1531,,,,,,,,,,,,
9,3,RAMECHAP,1983/84,3790,4170,1100,,,,,,,,,,,,
10,3,RAMECHAP,1984/85,3630,5490,1512,,,,,,,,,,,,
11,3,RAMECHAP,1985/86,6140,7260,1182,,,,,,,,,,,,
12,3,RAMECHAP,1986/87,6110,6980,1142,,,,,,,,,,,,
13,3,RAMECHAP,1987/88,5950,7750,1303,,,,,,,,,,,,
14,3,RAMECHAP,1988/89,5990,10180,1699,,,,,,,,,,,,
,,,,,,,,,,,,,,,,,,
1,3,SINDHULI,1975/76,6000,14060,2343,,,,,,,,,,,,
2,3,SINDHULI,1976/77,8147,19471,2390,,,,,,,,,,,,
3,3,SINDHULI,1977/78,7830,14090,1799,,,,,,,,,,,,
4,3,SINDHULI,1978/79,7830,15660,2000,,,,,,,,,,,,
5,3,SINDHULI,1979/80,9370,19530,2084,,,,,,,,,,,,
6,3,SINDHULI,1880/81,9400,19680,2094,,,,,,,,,,,,
7,3,SINDHULI,1981/82,7960,16540,2078,,,,,,,,,,,,
8,3,SINDHULI,1982/83,5530,10960,1982,,,,,,,,,,,,
9,3,SINDHULI,1983/84,7870,15680,1992,,,,,,,,,,,,
10,3,SINDHULI,1984/85,11770,21290,1809,,,,,,,,,,,,
11,3,SINDHULI,1985/86,8100,15500,1914,,,,,,,,,,,,
12,3,SINDHULI,1986/87,8040,14220,1769,,,,,,,,,,,,
13,3,SINDHULI,1987/88,7810,15150,1940,,,,,,,,,,,,
14,3,SINDHULI,1988/89,6300,12720,2019,,,,,,,,,,,,
,,,,,,,,,,,,,,,,,,
1,3,KAVRE,1975/76,5700,15770,2767,,,,,,,,,,,,
2,3,KAVRE,1976/77,5810,16080,2768,,,,,,,,,,,,
3,3,KAVRE,1977/78,6970,19290,2768,,,,,,,,,,,,
4,3,KAVRE,1978/79,6980,19300,2765,,,,,,,,,,,,
5,3,KAVRE,1979/80,6980,16400,2350,,,,,,,,,,,,
6,3,KAVRE,1880/81,6950,16030,2306,,,,,,,,,,,,
7,3,KAVRE,1981/82,9600,18050,1880,,,,,,,,,,,,
8,3,KAVRE,1982/83,11620,22080,1900,,,,,,,,,,,,
9,3,KAVRE,1983/84,11620,23240,2000,,,,,,,,,,,,
10,3,KAVRE,1984/85,5940,9080,1529,,,,,,,,,,,,
11,3,KAVRE,1985/86,12620,18930,1500,,,,,,,,,,,,
12,3,KAVRE,1986/87,12500,21400,1712,,,,,,,,,,,,
13,3,KAVRE,1987/88,12650,31470,2488,,,,,,,,,,,,
14,3,KAVRE,1988/89,10700,37450,3500,,,,,,,,,,,,
,,,,,,,,,,,,,,,,,,
1,3,BHAKTAPUR,1975/76,6000,21930,3655,,,,,,,,,,,,
2,3,BHAKTAPUR,1976/77,5293,19742,3730,,,,,,,,,,,,
3,3,BHAKTAPUR,1977/78,5060,19750,3903,,,,,,,,,,,,
4,3,BHAKTAPUR,1978/79,5560,21700,3903,,,,,,,,,,,,
5,3,BHAKTAPUR,1979/80,5370,17360,3233,,,,,,,,,,,,
6,3,BHAKTAPUR,1880/81,6500,21450,3300,,,,,,,,,,,,
7,3,BHAKTAPUR,1981/82,5220,28700,5498,,,,,,,,,,,,
8,3,BHAKTAPUR,1982/83,5230,20340,3889,,,,,,,,,,,,
9,3,BHAKTAPUR,1983/84,4830,21730,4499,,,,,,,,,,,,
10,3,BHAKTAPUR,1984/85,5220,21920,4199,,,,,,,,,,,,
11,3,BHAKTAPUR,1985/86,4890,19070,3900,,,,,,,,,,,,
12,3,BHAKTAPUR,1986/87,4800,19200,4000,,,,,,,,,,,,
13,3,BHAKTAPUR,1987/88,5190,26460,5098,,,,,,,,,,,,
14,3,BHAKTAPUR,1988/89,5070,29410,5801,,,,,,,,,,,,
,,,,,,,,,,,,,,,,,,
1,3,LALITPUR,1975/76,6500,22600,3477,,,,,,,,,,,,
2,3,LALITPUR,1976/77,5500,20900,3800,,,,,,,,,,,,
3,3,LALITPUR,1977/78,4920,16830,3421,,,,,,,,,,,,
4,3,LALITPUR,1978/79,5190,17750,3420,,,,,,,,,,,,
5,3,LALITPUR,1979/80,4400,15090,3430,,,,,,,,,,,,
6,3,LALITPUR,1880/81,4400,14960,3400,,,,,,,,,,,,
7,3,LALITPUR,1981/82,4860,18950,3899,,,,,,,,,,,,
8,3,LALITPUR,1982/83,3950,15370,3891,,,,,,,,,,,,
9,3,LALITPUR,1983/84,5290,21160,4000,,,,,,,,,,,,
10,3,LALITPUR,1984/85,5560,18350,3300,,,,,,,,,,,,
11,3,LALITPUR,1985/86,4700,15280,3251,,,,,,,,,,,,
12,3,LALITPUR,1986/87,4680,16000,3419,,,,,,,,,,,,
13,3,LALITPUR,1987/88,4590,18220,3969,,,,,,,,,,,,
14,3,LALITPUR,1988/89,4450,19580,4400,,,,,,,,,,,,
,,,,,,,,,,,,,,,,,,
1,3,KATHMANDU,1975/76,13000,48800,3600,,,,,,,,,,,,
2,3,KATHMANDU,1976/77,12101,43563,3600,,,,,,,,,,,,
3,3,KATHMANDU,1977/78,14170,54830,3869,,,,,,,,,,,,
4,3,KATHMANDU,1978/79,12090,46780,3869,,,,,,,,,,,,
5,3,KATHMANDU,1979/80,11720,37420,3193,,,,,,,,,,,,
6,3,KATHMANDU,1880/81,11720,35280,3010,,,,,,,,,,,,
7,3,KATHMANDU,1981/82,11060,52530,4750,,,,,,,,,,,,
8,3,KATHMANDU,1982/83,11550,42390,3670,,,,,,,,,,,,
9,3,KATHMANDU,1983/84,11000,49500,4500,,,,,,,,,,,,
10,3,KATHMANDU,1984/85,11240,44960,4000,,,,,,,,,,,,
11,3,KATHMANDU,1985/86,11200,39200,3500,,,,,,,,,,,,
12,3,KATHMANDU,1986/87,11100,40000,3604,,,,,,,,,,,,
13,3,KATHMANDU,1987/88,10460,43410,4150,,,,,,,,,,,,
14,3,KATHMANDU,1988/89,10260,49250,4800,,,,,,,,,,,,
,,,,,,,,,,,,,,,,,,
1,3,NUWAKOT,1975/76,7000,17510,2501,,,,,,,,,,,,
2,3,NUWAKOT,1976/77,7000,17500,2500,,,,,,,,,,,,
3,3,NUWAKOT,1977/78,7000,18370,2624,,,,,,,,,,,,
4,3,NUWAKOT,1978/79,7000,18400,2629,,,,,,,,,,,,
5,3,NUWAKOT,1979/80,7000,16940,2420,,,,,,,,,,,,
6,3,NUWAKOT,1880/81,7010,17000,2425,,,,,,,,,,,,
7,3,NUWAKOT,1981/82,9850,24630,2501,,,,,,,,,,,,
8,3,NUWAKOT,1982/83,18970,44230,2332,,,,,,,,,,,,
9,3,NUWAKOT,1983/84,16920,42120,2489,,,,,,,,,,,,
10,3,NUWAKOT,1984/85,16950,39310,2319,,,,,,,,,,,,
11,3,NUWAKOT,1985/86,15190,34180,2250,,,,,,,,,,,,
12,3,NUWAKOT,1986/87,16240,39550,2435,,,,,,,,,,,,
13,3,NUWAKOT,1987/88,18260,37910,2331,,,,,,,,,,,,
14,3,NUWAKOT,1988/89,16380,39840,2432,,,,,,,,,,,,
,,,,,,,,,,,,,,,,,,
1,3,DHADING,1975/76,3650,9520,2608,,,,,,,,,,,,
2,3,DHADING,1976/77,3650,9520,2608,,,,,,,,,,,,
3,3,DHADING,1977/78,5650,13010,2303,,,,,,,,,,,,
4,3,DHADING,1978/79,5600,13000,2321,,,,,,,,,,,,
5,3,DHADING,1979/80,5600,11790,2105,,,,,,,,,,,,
6,3,DHADING,1880/81,6490,13490,2079,,,,,,,,,,,,
7,3,DHADING,1981/82,10060,20820,2070,,,,,,,,,,,,
8,3,DHADING,1982/83,12660,25320,2000,,,,,,,,,,,,
9,3,DHADING,1983/84,11140,20080,1803,,,,,,,,,,,,
10,3,DHADING,1984/85,10270,18810,1832,,,,,,,,,,,,
11,3,DHADING,1985/86,13000,22750,1750,,,,,,,,,,,,
12,3,DHADING,1986/87,12990,23150,1782,,,,,,,,,,,,
13,3,DHADING,1987/88,12740,24870,1952,,,,,,,,,,,,
14,3,DHADING,1988/89,12700,27740,2184,,,,,,,,,,,,
,,,,,,,,,,,,,,,,,,
1,3,MAKWANPUR,1975/76,11000,30180,2744,,,,,,,,,,,,
2,3,MAKWANPUR,1976/77,11000,30180,2744,,,,,,,,,,,,
3,3,MAKWANPUR,1977/78,10100,24160,2392,,,,,,,,,,,,
4,3,MAKWANPUR,1978/79,10300,24640,2392,,,,,,,,,,,,
5,3,MAKWANPUR,1979/80,10300,19710,1914,,,,,,,,,,,,
6,3,MAKWANPUR,1880/81,10230,22510,2200,,,,,,,,,,,,
7,3,MAKWANPUR,1981/82,7910,19770,2499,,,,,,,,,,,,
8,3,MAKWANPUR,1982/83,11970,25690,2146,,,,,,,,,,,,
9,3,MAKWANPUR,1983/84,12050,27870,2313,,,,,,,,,,,,
10,3,MAKWANPUR,1984/85,12260,29930,2441,,,,,,,,,,,,
11,3,MAKWANPUR,1985/86,12670,27870,2200,,,,,,,,,,,,
12,3,MAKWANPUR,1986/87,12640,27740,2195,,,,,,,,,,,,
13,3,MAKWANPUR,1987/88,12640,31070,2458,,,,,,,,,,,,
14,3,MAKWANPUR,1988/89,12630,31620,2504,,,,,,,,,,,,
,,,,,,,,,,,,,,,,,,
1,3,CHITWAN,1975/76,23900,54250,2270,,,,,,,,,,,,
2,3,CHITWAN,1976/77,23335,52970,2270,,,,,,,,,,,,
3,3,CHITWAN,1977/78,24810,47140,1900,,,,,,,,,,,,
4,3,CHITWAN,1978/79,24050,45690,1900,,,,,,,,,,,,
5,3,CHITWAN,1979/80,24840,45500,1832,,,,,,,,,,,,
6,3,CHITWAN,1880/81,24820,48190,1942,,,,,,,,,,,,
7,3,CHITWAN,1981/82,24930,62000,2487,,,,,,,,,,,,
8,3,CHITWAN,1982/83,27920,56160,2011,,,,,,,,,,,,
9,3,CHITWAN,1983/84,28780,74110,2575,,,,,,,,,,,,
10,3,CHITWAN,1984/85,28870,76390,2646,,,,,,,,,,,,
11,3,CHITWAN,1985/86,29370,82240,2800,,,,,,,,,,,,
12,3,CHITWAN,1986/87,29720,70030,2438,,,,,,,,,,,,
13,3,CHITWAN,1987/88,28500,87650,3075,,,,,,,,,,,,
14,3,CHITWAN,1988/89,27830,75140,2700,,,,,,,,,,,,
,,,,,,,,,,,,,,,,,,
1,4,MANANG,1975/76,5,11,2200,,,,,,,,,,,,
2,4,MANANG,1976/77,,,,,,,,,,,,,,,
3,4,MANANG,1977/78,,,,,,,,,,,,,,,
4,4,MANANG,1978/79,,,,,,,,,,,,,,,
5,4,MANANG,1979/80,,,,,,,,,,,,,,,
6,4,MANANG,1880/81,,,,,,,,,,,,,,,
7,4,MANANG,1981/82,,,,,,,,,,,,,,,
8,4,MANANG,1982/83,,,,,,,,,,,,,,,
9,4,MANANG,1983/84,,,,,,,,,,,,,,,
10,4,MANANG,1984/85,,,,,,,,,,,,,,,
11,4,MANANG,1985/86,,,,,,,,,,,,,,,
12,4,MANANG,1986/87,,,,,,,,,,,,,,,
13,4,MANANG,1987/88,,,,,,,,,,,,,,,
14,4,MANANG,1988/89,,,,,,,,,,,,,,,
,,,,,,,,,,,,,,,,,,
1,4,MUSTANG,1975/76,680,1230,1809,,,,,,,,,,,,
2,4,MUSTANG,1976/77,250,490,1960,,,,,,,,,,,,
3,4,MUSTANG,1977/78,250,490,1960,,,,,,,,,,,,
4,4,MUSTANG,1978/79,110,210,1909,,,,,,,,,,,,
5,4,MUSTANG,1979/80,80,150,1875,,,,,,,,,,,,
6,4,MUSTANG,1880/81,20,30,1500,,,,,,,,,,,,
7,4,MUSTANG,1981/82,10,20,2000,,,,,,,,,,,,
8,4,MUSTANG,1982/83,10,20,2000,,,,,,,,,,,,
9,4,MUSTANG,1983/84,,,,,,,,,,,,,,,
10,4,MUSTANG,1984/85,,,,,,,,,,,,,,,
11,4,MUSTANG,1985/86,,,,,,,,,,,,,,,
12,4,MUSTANG,1986/87,,,,,,,,,,,,,,,
13,4,MUSTANG,1987/88,,,,,,,,,,,,,,,
14,4,MUSTANG,1988/89,,,,,,,,,,,,,,,
,,,,,,,,,,,,,,,,,,
1,4,GORKHA,1975/76,4750,12640,2661,,,,,,,,,,,,
2,4,GORKHA,1976/77,4750,12640,2661,,,,,,,,,,,,
3,4,GORKHA,1977/78,4930,10420,2114,,,,,,,,,,,,
4,4,GORKHA,1978/79,4930,8430,1710,,,,,,,,,,,,
5,4,GORKHA,1979/80,1930,7560,1533,,,,,,,,,,,,
6,4,GORKHA,1880/81,4750,8550,1800,,,,,,,,,,,,
7,4,GORKHA,1981/82,4750,8790,1851,,,,,,,,,,,,
8,4,GORKHA,1982/83,4800,7550,1573,,,,,,,,,,,,
9,4,GORKHA,1983/84,4900,9050,1847,,,,,,,,,,,,
10,4,GORKHA,1984/85,15770,26880,1705,,,,,,,,,,,,
11,4,GORKHA,1985/86,15780,27800,1762,,,,,,,,,,,,
12,4,GORKHA,1986/87,15800,27100,1715,,,,,,,,,,,,
13,4,GORKHA,1987/88,16030,23510,1467,,,,,,,,,,,,
14,4,GORKHA,1988/89,16020,29170,1821,,,,,,,,,,,,
,,,,,,,,,,,,,,,,,,
1,4,LAMJUNG,1975/76,5040,11770,2335,,,,,,,,,,,,
2,4,LAMJUNG,1976/77,5740,13123,2286,,,,,,,,,,,,
3,4,LAMJUNG,1977/78,5740,11150,1943,,,,,,,,,,,,
4,4,LAMJUNG,1978/79,5500,10780,1960,,,,,,,,,,,,
5,4,LAMJUNG,1979/80,5500,10240,1862,,,,,,,,,,,,
6,4,LAMJUNG,1880/81,6000,11220,1870,,,,,,,,,,,,
7,4,LAMJUNG,1981/82,6000,10590,1765,,,,,,,,,,,,
8,4,LAMJUNG,1982/83,5590,8880,1589,,,,,,,,,,,,
9,4,LAMJUNG,1983/84,5690,13180,2316,,,,,,,,,,,,
10,4,LAMJUNG,1984/85,10330,18750,1815,,,,,,,,,,,,
11,4,LAMJUNG,1985/86,10350,17070,1649,,,,,,,,,,,,
12,4,LAMJUNG,1986/87,10380,16690,1608,,,,,,,,,,,,
13,4,LAMJUNG,1987/88,10500,19040,1813,,,,,,,,,,,,
14,4,LAMJUNG,1988/89,11000,23150,2105,,,,,,,,,,,,
,,,,,,,,,,,,,,,,,,
1,4,TANAHU,1975/76,5000,12130,2426,,,,,,,,,,,,
2,4,TANAHU,1976/77,5000,13343,2669,,,,,,,,,,,,
3,4,TANAHU,1977/78,10500,17120,1630,,,,,,,,,,,,
4,4,TANAHU,1978/79,10500,17850,1700,,,,,,,,,,,,
5,4,TANAHU,1979/80,10170,18600,1829,,,,,,,,,,,,
6,4,TANAHU,1880/81,9400,17950,1910,,,,,,,,,,,,
7,4,TANAHU,1981/82,11390,28130,2470,,,,,,,,,,,,
8,4,TANAHU,1982/83,9300,17120,1841,,,,,,,,,,,,
9,4,TANAHU,1983/84,10400,22800,2192,,,,,,,,,,,,
10,4,TANAHU,1984/85,11500,23000,2000,,,,,,,,,,,,
11,4,TANAHU,1985/86,13360,24480,1832,,,,,,,,,,,,
12,4,TANAHU,1986/87,13350,22770,1706,,,,,,,,,,,,
13,4,TANAHU,1987/88,13690,23310,1703,,,,,,,,,,,,
14,4,TANAHU,1988/89,14750,32950,2234,,,,,,,,,,,,
,,,,,,,,,,,,,,,,,,
1,4,KASKI,1975/76,9800,25970,2650,,,,,,,,,,,,
2,4,KASKI,1976/77,9800,25970,2650,,,,,,,,,,,,
3,4,KASKI,1977/78,9800,22060,2251,,,,,,,,,,,,
4,4,KASKI,1978/79,10320,25870,2507,,,,,,,,,,,,
5,4,KASKI,1979/80,10310,23280,2258,,,,,,,,,,,,
6,4,KASKI,1880/81,10320,23500,2277,,,,,,,,,,,,
7,4,KASKI,1981/82,19890,41920,2108,,,,,,,,,,,,
8,4,KASKI,1982/83,19000,38000,2000,,,,,,,,,,,,
9,4,KASKI,1983/84,19000,41710,2195,,,,,,,,,,,,
10,4,KASKI,1984/85,18580,39000,2099,,,,,,,,,,,,
11,4,KASKI,1985/86,18000,36000,2000,,,,,,,,,,,,
12,4,KASKI,1986/87,18150,34490,1900,,,,,,,,,,,,
13,4,KASKI,1987/88,20350,40880,2009,,,,,,,,,,,,
14,4,KASKI,1988/89,18590,41010,2206,,,,,,,,,,,,
,,,,,,,,,,,,,,,,,,
1,4,PARBAT,1975/76,1850,4410,2384,,,,,,,,,,,,
2,4,PARBAT,1976/77,1850,4630,2503,,,,,,,,,,,,
3,4,PARBAT,1977/78,1850,4160,2249,,,,,,,,,,,,
4,4,PARBAT,1978/79,1850,4100,2216,,,,,,,,,,,,
5,4,PARBAT,1979/80,1850,3490,1886,,,,,,,,,,,,
6,4,PARBAT,1880/81,1850,3520,1903,,,,,,,,,,,,
7,4,PARBAT,1981/82,1850,3560,1924,,,,,,,,,,,,
8,4,PARBAT,1982/83,1850,3560,1924,,,,,,,,,,,,
9,4,PARBAT,1983/84,1870,3600,1925,,,,,,,,,,,,
10,4,PARBAT,1984/85,3090,6130,1984,,,,,,,,,,,,
11,4,PARBAT,1985/86,3100,6180,1994,,,,,,,,,,,,
12,4,PARBAT,1986/87,3250,6200,1908,,,,,,,,,,,,
13,4,PARBAT,1987/88,6260,11320,1808,,,,,,,,,,,,
14,4,PARBAT,1988/89,6330,12690,2005,,,,,,,,,,,,
,,,,,,,,,,,,,,,,,,
1,4,SYANGJA,1975/76,9500,21880,2303,,,,,,,,,,,,
2,4,SYANGJA,1976/77,9500,21880,2303,,,,,,,,,,,,
3,4,SYANGJA,1977/78,10020,18470,1843,,,,,,,,,,,,
4,4,SYANGJA,1978/79,9500,21850,2300,,,,,,,,,,,,
5,4,SYANGJA,1979/80,9500,18620,1960,,,,,,,,,,,,
6,4,SYANGJA,1880/81,9500,19000,2000,,,,,,,,,,,,
7,4,SYANGJA,1981/82,9500,21850,2300,,,,,,,,,,,,
8,4,SYANGJA,1982/83,12060,21270,1764,,,,,,,,,,,,
9,4,SYANGJA,1983/84,9820,21480,2187,,,,,,,,,,,,
10,4,SYANGJA,1984/85,9500,20720,2181,,,,,,,,,,,,
11,4,SYANGJA,1985/86,15270,30540,2000,,,,,,,,,,,,
12,4,SYANGJA,1986/87,15300,29850,1951,,,,,,,,,,,,
13,4,SYANGJA,1987/88,15350,31370,2044,,,,,,,,,,,,
14,4,SYANGJA,1988/89,16700,34480,2065,,,,,,,,,,,,
,,,,,,,,,,,,,,,,,,
1,4,MYAGDI,1975/76,2020,5380,2663,,,,,,,,,,,,
2,4,MYAGDI,1976/77,2142,6120,2857,,,,,,,,,,,,
3,4,MYAGDI,1977/78,2020,4610,2282,,,,,,,,,,,,
4,4,MYAGDI,1978/79,2020,5380,2663,,,,,,,,,,,,
5,4,MYAGDI,1979/80,2020,4300,2129,,,,,,,,,,,,
6,4,MYAGDI,1880/81,2000,4000,2000,,,,,,,,,,,,
7,4,MYAGDI,1981/82,1920,3780,1969,,,,,,,,,,,,
8,4,MYAGDI,1982/83,1880,3700,1968,,,,,,,,,,,,
9,4,MYAGDI,1983/84,1920,3750,1953,,,,,,,,,,,,
10,4,MYAGDI,1984/85,3000,5700,1900,,,,,,,,,,,,
11,4,MYAGDI,1985/86,3000,5400,1800,,,,,,,,,,,,
12,4,MYAGDI,1986/87,3010,5100,1694,,,,,,,,,,,,
13,4,MYAGDI,1987/88,1870,3740,2000,,,,,,,,,,,,
14,4,MYAGDI,1988/89,1400,2520,1800,,,,,,,,,,,,
,,,,,,,,,,,,,,,,,,
1,4,BAGLUNG,1975/76,2600,5580,2146,,,,,,,,,,,,
2,4,BAGLUNG,1976/77,2600,5590,2150,,,,,,,,,,,,
3,4,BAGLUNG,1977/78,2600,4420,1700,,,,,,,,,,,,
4,4,BAGLUNG,1978/79,2600,4940,1900,,,,,,,,,,,,
5,4,BAGLUNG,1979/80,2600,3710,1427,,,,,,,,,,,,
6,4,BAGLUNG,1880/81,2600,5590,2150,,,,,,,,,,,,
7,4,BAGLUNG,1981/82,3020,7550,2500,,,,,,,,,,,,
8,4,BAGLUNG,1982/83,4600,10350,2250,,,,,,,,,,,,
9,4,BAGLUNG,1983/84,4600,10380,2257,,,,,,,,,,,,
10,4,BAGLUNG,1984/85,4900,8820,1800,,,,,,,,,,,,
11,4,BAGLUNG,1985/86,5000,9000,1800,,,,,,,,,,,,
12,4,BAGLUNG,1986/87,5020,9030,1799,,,,,,,,,,,,
13,4,BAGLUNG,1987/88,5050,10100,2000,,,,,,,,,,,,
14,4,BAGLUNG,1988/89,5010,10180,2032,1,,,,,,,,,,,
,,,,,,,,,,,,,,,,,,
1,4,NAWALPARASI,1975/76,33600,67110,1997,,,,,,,,,,,,
2,4,NAWALPARASI,1976/77,36138,75528,2090,,,,,,,,,,,,
3,4,NAWALPARASI,1977/78,33660,66840,1986,,,,,,,,,,,,
4,4,NAWALPARASI,1978/79,35170,69840,1986,,,,,,,,,,,,
5,4,NAWALPARASI,1979/80,35470,53020,1495,,,,,,,,,,,,
6,4,NAWALPARASI,1880/81,35460,70770,1996,,,,,,,,,,,,
7,4,NAWALPARASI,1981/82,33230,62470,1880,,,,,,,,,,,,
8,4,NAWALPARASI,1982/83,34610,59260,1712,,,,,,,,,,,,
9,4,NAWALPARASI,1983/84,34470,77890,2260,,,,,,,,,,,,
10,4,NAWALPARASI,1984/85,36560,80420,2200,,,,,,,,,,,,
11,4,NAWALPARASI,1985/86,34030,85100,2501,,,,,,,,,,,,
12,4,NAWALPARASI,1986/87,33200,76750,2312,,,,,,,,,,,,
13,4,NAWALPARASI,1987/88,35260,81810,2320,,,,,,,,,,,,
14,4,NAWALPARASI,1988/89,35030,81370,2323,,,,,,,,,,,,
,,,,,,,,,,,,,,,,,,
1,5,PALPA,1975/76,5950,12570,2113,,,,,,,,,,,,
2,5,PALPA,1976/77,5530,11564,2091,,,,,,,,,,,,
3,5,PALPA,1977/78,6150,12850,2089,,,,,,,,,,,,
4,5,PALPA,1978/79,5600,11760,2100,,,,,,,,,,,,
5,5,PALPA,1979/80,5080,7050,1388,,,,,,,,,,,,
6,5,PALPA,1880/81,6000,11400,1900,,,,,,,,,,,,
7,5,PALPA,1981/82,7500,15750,2100,,,,,,,,,,,,
8,5,PALPA,1982/83,8640,12950,1499,,,,,,,,,,,,
9,5,PALPA,1983/84,8150,17020,2088,,,,,,,,,,,,
10,5,PALPA,1984/85,9200,21550,2342,,,,,,,,,,,,
11,5,PALPA,1985/86,8850,18770,2121,,,,,,,,,,,,
12,5,PALPA,1986/87,8860,13040,1472,,,,,,,,,,,,
13,5,PALPA,1987/88,8760,20500,2340,,,,,,,,,,,,
14,5,PALPA,1988/89,8780,20190,2300,,,,,,,,,,,,
,,,,,,,,,,,,,,,,,,
1,5,GUlMI,1975/76,3700,9050,2446,,,,,,,,,,,,
2,5,GUlMI,1976/77,3200,8160,2550,,,,,,,,,,,,
3,5,GUlMI,1977/78,3200,6970,2178,,,,,,,,,,,,
4,5,GUlMI,1978/79,3150,6860,2178,,,,,,,,,,,,
5,5,GUlMI,1979/80,3150,6170,1959,,,,,,,,,,,,
6,5,GUlMI,1880/81,3150,6300,2000,,,,,,,,,,,,
7,5,GUlMI,1981/82,3150,6360,2019,,,,,,,,,,,,
8,5,GUlMI,1982/83,3150,4730,1502,,,,,,,,,,,,
9,5,GUlMI,1983/84,3170,6200,1956,,,,,,,,,,,,
10,5,GUlMI,1984/85,3120,6240,2000,,,,,,,,,,,,
11,5,GUlMI,1985/86,4100,8030,1959,,,,,,,,,,,,
12,5,GUlMI,1986/87,4080,7540,1848,,,,,,,,,,,,
13,5,GUlMI,1987/88,4150,7030,1694,,,,,,,,,,,,
14,5,GUlMI,1988/89,10110,18740,1854,,,,,,,,,,,,
,,,,,,,,,,,,,,,,,,
1,5,ARGHAKHANCHI,1975/76,1800,4110,2283,,,,,,,,,,,,
2,5,ARGHAKHANCHI,1976/77,1800,4110,2283,,,,,,,,,,,,
3,5,ARGHAKHANCHI,1977/78,1890,4100,2169,,,,,,,,,,,,
4,5,ARGHAKHANCHI,1978/79,1900,4150,2184,,,,,,,,,,,,
5,5,ARGHAKHANCHI,1979/80,1900,3730,1963,,,,,,,,,,,,
6,5,ARGHAKHANCHI,1880/81,1890,4100,2169,,,,,,,,,,,,
7,5,ARGHAKHANCHI,1981/82,1790,3580,2000,,,,,,,,,,,,
8,5,ARGHAKHANCHI,1982/83,1690,3090,1828,,,,,,,,,,,,
9,5,ARGHAKHANCHI,1983/84,1700,3500,2059,,,,,,,,,,,,
10,5,ARGHAKHANCHI,1984/85,3020,5440,1801,,,,,,,,,,,,
11,5,ARGHAKHANCHI,1985/86,3050,6100,2000,,,,,,,,,,,,
12,5,ARGHAKHANCHI,1986/87,3040,5480,1803,,,,,,,,,,,,
13,5,ARGHAKHANCHI,1987/88,4100,7430,1812,,,,,,,,,,,,
14,5,ARGHAKHANCHI,1988/89,4550,8660,1903,,,,,,,,,,,,
,,,,,,,,,,,,,,,,,,
1,5,RUPANDEHI,1975/76,66500,129080,1941,,,,,,,,,,,,
2,5,RUPANDEHI,1976/77,70251,127154,1810,,,,,,,,,,,,
3,5,RUPANDEHI,1977/78,70690,107040,1514,,,,,,,,,,,,
4,5,RUPANDEHI,1978/79,70510,126920,1800,,,,,,,,,,,,
5,5,RUPANDEHI,1979/80,68900,76150,1105,,,,,,,,,,,,
6,5,RUPANDEHI,1880/81,68240,129660,1900,,,,,,,,,,,,
7,5,RUPANDEHI,1981/82,65370,99370,1520,,,,,,,,,,,,
8,5,RUPANDEHI,1982/83,64350,92790,1442,,,,,,,,,,,,
9,5,RUPANDEHI,1983/84,65050,130100,2000,,,,,,,,,,,,
10,5,RUPANDEHI,1984/85,69380,138760,2000,,,,,,,,,,,,
11,5,RUPANDEHI,1985/86,69260,145450,2100,,,,,,,,,,,,
12,5,RUPANDEHI,1986/87,69000,123630,1792,,,,,,,,,,,,
13,5,RUPANDEHI,1987/88,69100,158410,2292,,,,,,,,,,,,
14,5,RUPANDEHI,1988/89,69050,159850,2301,,,,,,,,,,,,
,,,,,,,,,,,,,,,,,,
1,5,KAPILBASTU,1975/76,63000,123220,1956,,,,,,,,,,,,
2,5,KAPILBASTU,1976/77,69910,128634,1840,,,,,,,,,,,,
3,5,KAPILBASTU,1977/78,69510,108620,1563,,,,,,,,,,,,
4,5,KAPILBASTU,1978/79,69510,108600,1562,,,,,,,,,,,,
5,5,KAPILBASTU,1979/80,69510,55320,796,,,,,,,,,,,,
6,5,KAPILBASTU,1880/81,77560,139610,1800,,,,,,,,,,,,
7,5,KAPILBASTU,1981/82,78470,141250,1800,,,,,,,,,,,,
8,5,KAPILBASTU,1982/83,76870,99990,1301,,,,,,,,,,,,
9,5,KAPILBASTU,1983/84,79220,127120,1605,,,,,,,,,,,,
10,5,KAPILBASTU,1984/85,73280,125780,1716,,,,,,,,,,,,
11,5,KAPILBASTU,1985/86,76980,138560,1800,,,,,,,,,,,,
12,5,KAPILBASTU,1986/87,61580,75280,1222,,,,,,,,,,,,
13,5,KAPILBASTU,1987/88,71150,135300,1902,,,,,,,,,,,,
14,5,KAPILBASTU,1988/89,71020,140450,1978,,,,,,,,,,,,
,,,,,,,,,,,,,,,,,,
1,5,DANG,1975/76,32400,63990,1975,,,,,,,,,,,,
2,5,DANG,1976/77,32910,63187,1920,,,,,,,,,,,,
3,5,DANG,1977/78,31940,61330,1920,,,,,,,,,,,,
4,5,DANG,1978/79,32040,61520,1920,,,,,,,,,,,,
5,5,DANG,1979/80,30440,36930,1213,,,,,,,,,,,,
6,5,DANG,1880/81,31620,60080,1900,,,,,,,,,,,,
7,5,DANG,1981/82,28340,56680,2000,,,,,,,,,,,,
8,5,DANG,1982/83,32950,57300,1739,,,,,,,,,,,,
9,5,DANG,1983/84,31370,64240,2048,,,,,,,,,,,,
10,5,DANG,1984/85,32950,62910,1909,,,,,,,,,,,,
11,5,DANG,1985/86,36450,73900,2027,,,,,,,,,,,,
12,5,DANG,1986/87,36400,61980,1703,,,,,,,,,,,,
13,5,DANG,1987/88,34560,69740,2018,,,,,,,,,,,,
14,5,DANG,1988/89,36450,83830,2300,,,,,,,,,,,,
,,,,,,,,,,,,,,,,,,
1,5,BANKE,1975/76,33900,65890,1944,,,,,,,,,,,,
2,5,BANKE,1976/77,33900,49418,1458,,,,,,,,,,,,
3,5,BANKE,1977/78,29560,50840,1720,,,,,,,,,,,,
4,5,BANKE,1978/79,28640,52980,1850,,,,,,,,,,,,
5,5,BANKE,1979/80,28640,26000,908,,,,,,,,,,,,
6,5,BANKE,1880/81,27430,52120,1900,,,,,,,,,,,,
7,5,BANKE,1981/82,33440,56850,1700,,,,,,,,,,,,
8,5,BANKE,1982/83,33000,30150,914,,,,,,,,,,,,
9,5,BANKE,1983/84,34000,66900,1968,,,,,,,,,,,,
10,5,BANKE,1984/85,24170,47880,1981,,,,,,,,,,,,
11,5,BANKE,1985/86,30370,51560,1698,,,,,,,,,,,,
12,5,BANKE,1986/87,19740,15470,784,,,,,,,,,,,,
13,5,BANKE,1987/88,28540,57080,2000,,,,,,,,,,,,
14,5,BANKE,1988/89,32200,70840,2200,,,,,,,,,,,,
,,,,,,,,,,,,,,,,,,
1,5,BARDIYA,1975/76,34900,77230,2213,,,,,,,,,,,,
2,5,BARDIYA,1976/77,29135,58561,2010,,,,,,,,,,,,
3,5,BARDIYA,1977/78,28030,63200,2255,,,,,,,,,,,,
4,5,BARDIYA,1978/79,28040,63220,2255,,,,,,,,,,,,
5,5,BARDIYA,1979/80,26640,37930,1424,,,,,,,,,,,,
6,5,BARDIYA,1880/81,28000,60200,2150,,,,,,,,,,,,
7,5,BARDIYA,1981/82,27330,60130,2200,,,,,,,,,,,,
8,5,BARDIYA,1982/83,34170,53270,1559,,,,,,,,,,,,
9,5,BARDIYA,1983/84,27390,60260,2200,,,,,,,,,,,,
10,5,BARDIYA,1984/85,29320,58560,1997,,,,,,,,,,,,
11,5,BARDIYA,1985/86,26900,59180,2200,,,,,,,,,,,,
12,5,BARDIYA,1986/87,25800,58890,2283,,,,,,,,,,,,
13,5,BARDIYA,1987/88,33150,69760,2104,,,,,,,,,,,,
14,5,BARDIYA,1988/89,33150,76180,2298,,,,,,,,,,,,
,,,,,,,,,,,,,,,,,,
1,5,RUKUM ,1975/76,670,1330,2145,,,,,,,,,,,,
2,5,RUKUM ,1976/77,630,1370,2175,,,,,,,,,,,,
3,5,RUKUM ,1977/78,670,1490,2224,,,,,,,,,,,,
4,5,RUKUM ,1978/79,700,1600,2286,,,,,,,,,,,,
5,5,RUKUM ,1979/80,700,1280,1829,,,,,,,,,,,,
6,5,RUKUM ,1880/81,860,1640,1907,,,,,,,,,,,,
7,5,RUKUM ,1981/82,860,1640,1907,,,,,,,,,,,,
8,5,RUKUM ,1982/83,450,860,1911,,,,,,,,,,,,
9,5,RUKUM ,1983/84,450,1310,2911,,,,,,,,,,,,
10,5,RUKUM ,1984/85,2500,3250,1300,,,,,,,,,,,,
11,5,RUKUM ,1985/86,1800,3960,2200,,,,,,,,,,,,
12,5,RUKUM ,1986/87,3300,6360,1927,,,,,,,,,,,,
13,5,RUKUM ,1987/88,3370,5720,1697,,,,,,,,,,,,
14,5,RUKUM ,1988/89,3600,6480,1800,,,,,,,,,,,,
,,,,,,,,,,,,,,,,,,
1,5,PYUTHAN,1975/76,3900,10790,2767,,,,,,,,,,,,
2,5,PYUTHAN,1976/77,3200,8830,2759,,,,,,,,,,,,
3,5,PYUTHAN,1977/78,3200,7650,2391,,,,,,,,,,,,
4,5,PYUTHAN,1978/79,3200,7600,2375,,,,,,,,,,,,
5,5,PYUTHAN,1979/80,3200,6080,1900,,,,,,,,,,,,
6,5,PYUTHAN,1880/81,3180,7000,2201,,,,,,,,,,,,
7,5,PYUTHAN,1981/82,3180,7000,2201,,,,,,,,,,,,
8,5,PYUTHAN,1982/83,3180,7000,2201,,,,,,,,,,,,
9,5,PYUTHAN,1983/84,3180,7000,2201,,,,,,,,,,,,
10,5,PYUTHAN,1984/85,5140,8850,1722,,,,,,,,,,,,
11,5,PYUTHAN,1985/86,5140,8850,1722,,,,,,,,,,,,
12,5,PYUTHAN,1986/87,6540,11770,1800,,,,,,,,,,,,
13,5,PYUTHAN,1987/88,6920,13620,1968,,,,,,,,,,,,
14,5,PYUTHAN,1988/89,7100,13920,1961,,,,,,,,,,,,
,,,,,,,,,,,,,,,,,,
1,5,ROLPA,1975/76,680,1530,2250,,,,,,,,,,,,
2,5,ROLPA,1976/77,680,1600,2353,,,,,,,,,,,,
3,5,ROLPA,1977/78,680,1630,2397,,,,,,,,,,,,
4,5,ROLPA,1978/79,640,1510,2359,,,,,,,,,,,,
5,5,ROLPA,1979/80,620,1110,1790,,,,,,,,,,,,
6,5,ROLPA,1880/81,600,1110,1900,,,,,,,,,,,,
7,5,ROLPA,1981/82,600,1140,1900,,,,,,,,,,,,
8,5,ROLPA,1982/83,550,1050,1909,,,,,,,,,,,,
9,5,ROLPA,1983/84,550,1210,2200,,,,,,,,,,,,
10,5,ROLPA,1984/85,3000,3300,1100,,,,,,,,,,,,
11,5,ROLPA,1985/86,2430,2430,1000,,,,,,,,,,,,
12,5,ROLPA,1986/87,2500,3500,1400,,,,,,,,,,,,
13,5,ROLPA,1987/88,4010,6010,1499,,,,,,,,,,,,
14,5,ROLPA,1988/89,5000,9000,1800,,,,,,,,,,,,
,,,,,,,,,,,,,,,,,,
1,6,DOLPA,1975/76,200,510,2550,,,,,,,,,,,,
2,6,DOLPA,1976/77,200,510,2550,,,,,,,,,,,,
3,6,DOLPA,1977/78,200,410,2050,,,,,,,,,,,,
4,6,DOLPA,1978/79,200,400,2000,,,,,,,,,,,,
5,6,DOLPA,1979/80,190,320,1684,,,,,,,,,,,,
6,6,DOLPA,1880/81,140,240,1714,,,,,,,,,,,,
7,6,DOLPA,1981/82,140,390,2786,,,,,,,,,,,,
8,6,DOLPA,1982/83,140,390,2786,,,,,,,,,,,,
9,6,DOLPA,1983/84,140,330,2357,,,,,,,,,,,,
10,6,DOLPA,1984/85,570,1020,1789,,,,,,,,,,,,
11,6,DOLPA,1985/86,570,880,1544,,,,,,,,,,,,
12,6,DOLPA,1986/87,550,850,1545,,,,,,,,,,,,
13,6,DOLPA,1987/88,520,780,1500,,,,,,,,,,,,
14,6,DOLPA,1988/89,530,790,1491,,,,,,,,,,,,
,,,,,,,,,,,,,,,,,,
1,6,MUGU,1975/76,250,580,2320,,,,,,,,,,,,
2,6,MUGU,1976/77,300,650,2167,,,,,,,,,,,,
3,6,MUGU,1977/78,300,600,2000,,,,,,,,,,,,
4,6,MUGU,1978/79,300,440,1467,,,,,,,,,,,,
5,6,MUGU,1979/80,280,350,1250,,,,,,,,,,,,
6,6,MUGU,1880/81,290,560,1931,,,,,,,,,,,,
7,6,MUGU,1981/82,290,560,1931,,,,,,,,,,,,
8,6,MUGU,1982/83,270,520,1926,,,,,,,,,,,,
9,6,MUGU,1983/84,210,380,1810,,,,,,,,,,,,
10,6,MUGU,1984/85,980,1470,1500,,,,,,,,,,,,
11,6,MUGU,1985/86,980,1670,1704,,,,,,,,,,,,
12,6,MUGU,1986/87,950,1620,1705,,,,,,,,,,,,
13,6,MUGU,1987/88,1120,1570,1402,,,,,,,,,,,,
14,6,MUGU,1988/89,1120,1680,1500,,,,,,,,,,,,
,,,,,,,,,,,,,,,,,,
1,6,HUMLA,1975/76,230,490,2130,,,,,,,,,,,,
2,6,HUMLA,1976/77,230,490,2130,,,,,,,,,,,,
3,6,HUMLA,1977/78,230,450,1957,,,,,,,,,,,,
4,6,HUMLA,1978/79,230,450,1957,,,,,,,,,,,,
5,6,HUMLA,1979/80,230,360,1565,,,,,,,,,,,,
6,6,HUMLA,1880/81,160,210,1313,,,,,,,,,,,,
7,6,HUMLA,1981/82,170,240,1412,,,,,,,,,,,,
8,6,HUMLA,1982/83,150,210,1400,,,,,,,,,,,,
9,6,HUMLA,1983/84,270,530,1963,,,,,,,,,,,,
10,6,HUMLA,1984/85,500,750,1500,,,,,,,,,,,,
11,6,HUMLA,1985/86,450,670,1489,,,,,,,,,,,,
12,6,HUMLA,1986/87,430,680,1581,,,,,,,,,,,,
13,6,HUMLA,1987/88,540,650,1204,,,,,,,,,,,,
14,6,HUMLA,1988/89,550,880,1600,,,,,,,,,,,,
,,,,,,,,,,,,,,,,,,
1,6,JUMLA,1975/76,1360,2480,1824,,,,,,,,,,,,
2,6,JUMLA,1976/77,1360,3060,2250,,,,,,,,,,,,
3,6,JUMLA,1977/78,1360,2790,2051,,,,,,,,,,,,
4,6,JUMLA,1978/79,1350,2750,2037,,,,,,,,,,,,
5,6,JUMLA,1979/80,1350,2340,1733,,,,,,,,,,,,
6,6,JUMLA,1880/81,1340,2700,2015,,,,,,,,,,,,
7,6,JUMLA,1981/82,1340,3480,2597,,,,,,,,,,,,
8,6,JUMLA,1982/83,1300,1860,1431,,,,,,,,,,,,
9,6,JUMLA,1983/84,1300,3080,2369,,,,,,,,,,,,
10,6,JUMLA,1984/85,1290,1935,1510,,,,,,,,,,,,
11,6,JUMLA,1985/86,1290,1840,1426,,,,,,,,,,,,
12,6,JUMLA,1986/87,1530,2180,1425,,,,,,,,,,,,
13,6,JUMLA,1987/88,1550,3130,2019,,,,,,,,,,,,
14,6,JUMLA,1988/89,1550,2480,1600,,,,,,,,,,,,
,,,,,,,,,,,,,,,,,,
1,6,KALIKOT,1975/76,330,730,2212,,,,,,,,,,,,
2,6,KALIKOT,1976/77,325,715,2200,,,,,,,,,,,,
3,6,KALIKOT,1977/78,320,600,1875,,,,,,,,,,,,
4,6,KALIKOT,1978/79,220,470,2136,,,,,,,,,,,,
5,6,KALIKOT,1979/80,220,380,1727,,,,,,,,,,,,
6,6,KALIKOT,1880/81,210,430,2048,,,,,,,,,,,,
7,6,KALIKOT,1981/82,210,430,2048,,,,,,,,,,,,
8,6,KALIKOT,1982/83,210,220,1048,,,,,,,,,,,,
9,6,KALIKOT,1983/84,150,250,1667,,,,,,,,,,,,
10,6,KALIKOT,1984/85,1090,1635,1500,,,,,,,,,,,,
11,6,KALIKOT,1985/86,1090,1850,1697,,,,,,,,,,,,
12,6,KALIKOT,1986/87,1020,1530,1500,,,,,,,,,,,,
13,6,KALIKOT,1987/88,1050,1680,1600,,,,,,,,,,,,
14,6,KALIKOT,1988/89,1070,1760,1645,,,,,,,,,,,,
,,,,,,,,,,,,,,,,,,
1,6,SALYAN,1975/76,4510,10640,2359,,,,,,,,,,,,
2,6,SALYAN,1976/77,4500,10600,2356,,,,,,,,,,,,
3,6,SALYAN,1977/78,4500,10490,2331,,,,,,,,,,,,
4,6,SALYAN,1978/79,4320,10070,2331,,,,,,,,,,,,
5,6,SALYAN,1979/80,3090,6040,1553,,,,,,,,,,,,
6,6,SALYAN,1880/81,4080,8570,2100,,,,,,,,,,,,
7,6,SALYAN,1981/82,4080,8570,2100,,,,,,,,,,,,
8,6,SALYAN,1982/83,5110,10730,2100,,,,,,,,,,,,
9,6,SALYAN,1983/84,5110,10000,1957,,,,,,,,,,,,
10,6,SALYAN,1984/85,6600,8910,1350,,,,,,,,,,,,
11,6,SALYAN,1985/86,6600,8730,1323,,,,,,,,,,,,
12,6,SALYAN,1986/87,6780,9560,1410,,,,,,,,,,,,
13,6,SALYAN,1987/88,6770,11510,1700,,,,,,,,,,,,
14,6,SALYAN,1988/89,6980,13420,1923,,,,,,,,,,,,
,,,,,,,,,,,,,,,,,,
1,6,JAJARKOT,1975/76,2800,6050,2161,,,,,,,,,,,,
2,6,JAJARKOT,1976/77,2800,6300,2250,,,,,,,,,,,,
3,6,JAJARKOT,1977/78,2800,6000,2143,,,,,,,,,,,,
4,6,JAJARKOT,1978/79,2800,6300,2250,,,,,,,,,,,,
5,6,JAJARKOT,1979/80,2800,5040,1800,,,,,,,,,,,,
6,6,JAJARKOT,1880/81,2840,5710,2011,,,,,,,,,,,,
7,6,JAJARKOT,1981/82,2930,5740,1959,,,,,,,,,,,,
8,6,JAJARKOT,1982/83,2900,5680,1959,,,,,,,,,,,,
9,6,JAJARKOT,1983/84,2900,4650,1603,,,,,,,,,,,,
10,6,JAJARKOT,1984/85,2100,2520,1200,,,,,,,,,,,,
11,6,JAJARKOT,1985/86,2100,2390,1138,,,,,,,,,,,,
12,6,JAJARKOT,1986/87,2170,3310,1525,,,,,,,,,,,,
13,6,JAJARKOT,1987/88,3100,4490,1448,,,,,,,,,,,,
14,6,JAJARKOT,1988/89,3390,5420,1599,,,,,,,,,,,,
,,,,,,,,,,,,,,,,,,
1,6,DAILEKH,1975/76,2850,7050,2474,,,,,,,,,,,,
2,6,DAILEKH,1976/77,2850,7050,2474,,,,,,,,,,,,
3,6,DAILEKH,1977/78,3400,7650,2250,,,,,,,,,,,,
4,6,DAILEKH,1978/79,3400,7600,2233,,,,,,,,,,,,
5,6,DAILEKH,1979/80,3400,5320,1565,,,,,,,,,,,,
6,6,DAILEKH,1880/81,3400,6120,1800,,,,,,,,,,,,
7,6,DAILEKH,1981/82,4070,7530,1850,,,,,,,,,,,,
8,6,DAILEKH,1982/83,3460,6400,1850,,,,,,,,,,,,
9,6,DAILEKH,1983/84,3460,7930,2292,,,,,,,,,,,,
10,6,DAILEKH,1984/85,3250,5680,1748,,,,,,,,,,,,
11,6,DAILEKH,1985/86,4200,6380,1519,,,,,,,,,,,,
12,6,DAILEKH,1986/87,4140,6290,1519,,,,,,,,,,,,
13,6,DAILEKH,1987/88,4300,6020,1400,,,,,,,,,,,,
14,6,DAILEKH,1988/89,5000,8500,1700,,,,,,,,,,,,
,,,,,,,,,,,,,,,,,,
1,6,SURKHET,1975/76,8200,19920,2429,,,,,,,,,,,,
2,6,SURKHET,1976/77,8200,19900,2427,,,,,,,,,,,,
3,6,SURKHET,1977/78,7220,17340,2402,,,,,,,,,,,,
4,6,SURKHET,1978/79,7440,14510,1950,,,,,,,,,,,,
5,6,SURKHET,1979/80,7090,7520,1061,,,,,,,,,,,,
6,6,SURKHET,1880/81,6770,12860,1900,,,,,,,,,,,,
7,6,SURKHET,1981/82,7980,13570,1701,,,,,,,,,,,,
8,6,SURKHET,1982/83,9220,10880,1180,,,,,,,,,,,,
9,6,SURKHET,1983/84,9670,14570,1507,,,,,,,,,,,,
10,6,SURKHET,1984/85,9930,16880,1700,,,,,,,,,,,,
11,6,SURKHET,1985/86,10000,20000,2000,,,,,,,,,,,,
12,6,SURKHET,1986/87,9800,19850,2026,,,,,,,,,,,,
13,6,SURKHET,1987/88,9100,14930,1641,,,,,,,,,,,,
14,6,SURKHET,1988/89,9250,17440,1885,,,,,,,,,,,,
,,,,,,,,,,,,,,,,,,
1,7,BAJURA,1975/76,3100,6450,2081,,,,,,,,,,,,
2,7,BAJURA,1976/77,3100,6450,2081,,,,,,,,,,,,
3,7,BAJURA,1977/78,3100,5800,1871,,,,,,,,,,,,
4,7,BAJURA,1978/79,3100,6510,2100,,,,,,,,,,,,
5,7,BAJURA,1979/80,3000,5210,1737,,,,,,,,,,,,
6,7,BAJURA,1880/81,1810,3260,1801,,,,,,,,,,,,
7,7,BAJURA,1981/82,1810,3200,1768,,,,,,,,,,,,
8,7,BAJURA,1982/83,1470,3130,2129,,,,,,,,,,,,
9,7,BAJURA,1983/84,1470,2650,1803,,,,,,,,,,,,
10,7,BAJURA,1984/85,1450,2390,1648,,,,,,,,,,,,
11,7,BAJURA,1985/86,2700,5400,2000,,,,,,,,,,,,
12,7,BAJURA,1986/87,2650,5240,1977,,,,,,,,,,,,
13,7,BAJURA,1987/88,2500,4750,1900,,,,,,,,,,,,
14,7,BAJURA,1988/89,2810,5200,1851,,,,,,,,,,,,
,,,,,,,,,,,,,,,,,,
1,7,BAJHANG,1975/76,2700,5830,2159,,,,,,,,,,,,
2,7,BAJHANG,1976/77,2700,5830,2159,,,,,,,,,,,,
3,7,BAJHANG,1977/78,2700,5430,2011,,,,,,,,,,,,
4,7,BAJHANG,1978/79,2700,5400,2000,,,,,,,,,,,,
5,7,BAJHANG,1979/80,2700,4590,1700,,,,,,,,,,,,
6,7,BAJHANG,1880/81,2700,4510,1670,,,,,,,,,,,,
7,7,BAJHANG,1981/82,3100,5180,1671,,,,,,,,,,,,
8,7,BAJHANG,1982/83,2940,4910,1670,,,,,,,,,,,,
9,7,BAJHANG,1983/84,2940,4940,1680,,,,,,,,,,,,
10,7,BAJHANG,1984/85,2700,3510,1300,,,,,,,,,,,,
11,7,BAJHANG,1985/86,2700,4050,1500,,,,,,,,,,,,
12,7,BAJHANG,1986/87,3090,4940,1599,,,,,,,,,,,,
13,7,BAJHANG,1987/88,3400,5780,1700,,,,,,,,,,,,
14,7,BAJHANG,1988/89,3550,6490,1828,,,,,,,,,,,,
,,,,,,,,,,,,,,,,,,
1,7,DARCHULA,1975/76,900,1900,2111,,,,,,,,,,,,
2,7,DARCHULA,1976/77,900,1900,2111,,,,,,,,,,,,
3,7,DARCHULA,1977/78,1500,3080,2053,,,,,,,,,,,,
4,7,DARCHULA,1978/79,1400,2800,2000,,,,,,,,,,,,
5,7,DARCHULA,1979/80,1380,2380,1725,,,,,,,,,,,,
6,7,DARCHULA,1880/81,1460,2190,1500,,,,,,,,,,,,
7,7,DARCHULA,1981/82,1840,2300,1250,,,,,,,,,,,,
8,7,DARCHULA,1982/83,1840,2210,1201,,,,,,,,,,,,
9,7,DARCHULA,1983/84,1840,2580,1402,,,,,,,,,,,,
10,7,DARCHULA,1984/85,1560,2190,1404,,,,,,,,,,,,
11,7,DARCHULA,1985/86,3700,5180,1400,,,,,,,,,,,,
12,7,DARCHULA,1986/87,3640,4810,1330,,,,,,,,,,,,
13,7,DARCHULA,1987/88,1780,2180,1225,,,,,,,,,,,,
14,7,DARCHULA,1988/89,1800,2810,1561,,,,,,,,,,,,
,,,,,,,,,,,,,,,,,,
1,7,ACHHAM,1975/76,2700,3430,1270,,,,,,,,,,,,
2,7,ACHHAM,1976/77,2700,3600,1333,,,,,,,,,,,,
3,7,ACHHAM,1977/78,2500,3750,1500,,,,,,,,,,,,
4,7,ACHHAM,1978/79,2450,3630,1482,,,,,,,,,,,,
5,7,ACHHAM,1979/80,2450,2540,1037,,,,,,,,,,,,
6,7,ACHHAM,1880/81,2600,3600,1385,,,,,,,,,,,,
7,7,ACHHAM,1981/82,2690,3770,1401,,,,,,,,,,,,
8,7,ACHHAM,1982/83,1930,2700,1399,,,,,,,,,,,,
9,7,ACHHAM,1983/84,1930,2890,1497,,,,,,,,,,,,
10,7,ACHHAM,1984/85,3180,4450,1399,,,,,,,,,,,,
11,7,ACHHAM,1985/86,3200,4560,1425,,,,,,,,,,,,
12,7,ACHHAM,1986/87,3250,3940,1212,,,,,,,,,,,,
13,7,ACHHAM,1987/88,3650,6210,1701,,,,,,,,,,,,
14,7,ACHHAM,1988/89,3470,5550,1599,,,,,,,,,,,,
,,,,,,,,,,,,,,,,,,
1,7,DOTI,1975/76,4900,12470,2545,,,,,,,,,,,,
2,7,DOTI,1976/77,4998,12690,2539,,,,,,,,,,,,
3,7,DOTI,1977/78,4900,12600,2571,,,,,,,,,,,,
4,7,DOTI,1978/79,5000,12240,2448,,,,,,,,,,,,
5,7,DOTI,1979/80,5000,8570,1714,,,,,,,,,,,,
6,7,DOTI,1880/81,5000,10400,2080,,,,,,,,,,,,
7,7,DOTI,1981/82,6920,13150,1900,,,,,,,,,,,,
8,7,DOTI,1982/83,6920,8650,1250,,,,,,,,,,,,
9,7,DOTI,1983/84,6920,10380,1500,,,,,,,,,,,,
10,7,DOTI,1984/85,6050,9070,1499,,,,,,,,,,,,
11,7,DOTI,1985/86,6050,8470,1400,,,,,,,,,,,,
12,7,DOTI,1986/87,6020,8950,1487,,,,,,,,,,,,
13,7,DOTI,1987/88,6500,9890,1522,,,,,,,,,,,,
14,7,DOTI,1988/89,6530,11140,1706,,,,,,,,,,,,
,,,,,,,,,,,,,,,,,,
1,7,BAITADI,1975/76,3300,8480,2570,,,,,,,,,,,,
2,7,BAITADI,1976/77,3300,8400,2545,,,,,,,,,,,,
3,7,BAITADI,1977/78,3300,6930,2100,,,,,,,,,,,,
4,7,BAITADI,1978/79,3100,6510,2100,,,,,,,,,,,,
5,7,BAITADI,1979/80,3100,3910,1261,,,,,,,,,,,,
6,7,BAITADI,1880/81,3300,6570,1991,,,,,,,,,,,,
7,7,BAITADI,1981/82,3300,6600,2000,,,,,,,,,,,,
8,7,BAITADI,1982/83,3300,6270,1900,,,,,,,,,,,,
9,7,BAITADI,1983/84,3500,5940,1697,,,,,,,,,,,,
10,7,BAITADI,1984/85,3450,5040,1461,,,,,,,,,,,,
11,7,BAITADI,1985/86,3300,3780,1145,,,,,,,,,,,,
12,7,BAITADI,1986/87,4000,4240,1060,,,,,,,,,,,,
13,7,BAITADI,1987/88,4050,5670,1400,,,,,,,,,,,,
14,7,BAITADI,1988/89,4200,6300,1500,,,,,,,,,,,,
,,,,,,,,,,,,,,,,,,
1,7,DADELDHURA,1975/76,2800,7060,2521,,,,,,,,,,,,
2,7,DADELDHURA,1976/77,2000,5540,2770,,,,,,,,,,,,
3,7,DADELDHURA,1977/78,1250,2970,2376,,,,,,,,,,,,
4,7,DADELDHURA,1978/79,1200,2850,2375,,,,,,,,,,,,
5,7,DADELDHURA,1979/80,2110,1710,810,,,,,,,,,,,,
6,7,DADELDHURA,1880/81,2000,3600,1800,,,,,,,,,,,,
7,7,DADELDHURA,1981/82,2000,3450,1725,,,,,,,,,,,,
8,7,DADELDHURA,1982/83,5380,8630,1604,,,,,,,,,,,,
9,7,DADELDHURA,1983/84,5390,5760,1069,,,,,,,,,,,,
10,7,DADELDHURA,1984/85,5420,7390,1363,,,,,,,,,,,,
11,7,DADELDHURA,1985/86,6500,7280,1120,,,,,,,,,,,,
12,7,DADELDHURA,1986/87,6400,6920,1081,,,,,,,,,,,,
13,7,DADELDHURA,1987/88,6350,9520,1499,,,,,,,,,,,,
14,7,DADELDHURA,1988/89,6500,12350,1900,,,,,,,,,,,,
,,,,,,,,,,,,,,,,,,
1,7,KAILALI,1975/76,44800,94650,2113,,,,,,,,,,,,
2,7,KAILALI,1976/77,44800,75720,1690,,,,,,,,,,,,
3,7,KAILALI,1977/78,46670,81680,1750,,,,,,,,,,,,
4,7,KAILALI,1978/79,46670,81680,1750,,,,,,,,,,,,
5,7,KAILALI,1979/80,42010,32670,778,,,,,,,,,,,,
6,7,KAILALI,1880/81,49620,86700,1760,,,,,,,,,,,,
7,7,KAILALI,1981/82,40770,73790,1810,,,,,,,,,,,,
8,7,KAILALI,1982/83,42800,58680,1371,,,,,,,,,,,,
9,7,KAILALI,1983/84,40420,75600,1870,,,,,,,,,,,,
10,7,KAILALI,1984/85,39470,71050,1800,,,,,,,,,,,,
11,7,KAILALI,1985/86,39160,70490,1800,,,,,,,,,,,,
12,7,KAILALI,1986/87,40000,72000,1800,,,,,,,,,,,,
13,7,KAILALI,1987/88,48200,86760,1800,,,,,,,,,,,,
14,7,KAILALI,1988/89,50200,110440,2200,,,,,,,,,,,,
,,,,,,,,,,,,,,,,,,
1,7,KANCHANPUR,1975/76,21200,42760,2017,,,,,,,,,,,,
2,7,KANCHANPUR,1976/77,23151,32666,1411,,,,,,,,,,,,
3,7,KANCHANPUR,1977/78,24890,37230,1496,,,,,,,,,,,,
4,7,KANCHANPUR,1978/79,24900,42330,1700,,,,,,,,,,,,
5,7,KANCHANPUR,1979/80,24900,16930,680,,,,,,,,,,,,
6,7,KANCHANPUR,1880/81,24950,43660,1750,,,,,,,,,,,,
7,7,KANCHANPUR,1981/82,25000,55000,2200,,,,,,,,,,,,
8,7,KANCHANPUR,1982/83,27480,44240,1610,,,,,,,,,,,,
9,7,KANCHANPUR,1983/84,35070,77150,2200,,,,,,,,,,,,
10,7,KANCHANPUR,1984/85,35100,73900,2105,,,,,,,,,,,,
11,7,KANCHANPUR,1985/86,35700,74970,2100,,,,,,,,,,,,
12,7,KANCHANPUR,1986/87,36000,60840,1690,,,,,,,,,,,,
13,7,KANCHANPUR,1987/88,35630,55580,1560,,,,,,,,,,,,
14,7,KANCHANPUR,1988/89,35650,85560,2400,,,,,,,,,,,,
,,,,,,,,,,,,,,,,,,
